command,mean,stddev,median,user,system,min,max
build/kraken/out/bench/kraken-cfold 5,0.02562897340388349,0.0009520618410776399,0.0255029492,0.014165720388349514,0.011792151067961163,0.0240603252,0.0282042272
build/java/out/bench/cfold 5,0.07375791849411763,0.008007022200894338,0.0723335942,0.048192811764705884,0.026958049411764697,0.060136039200000005,0.0872864162
build/ocaml/ml-cfold 5,0.0005854921554655877,0.00046821988456268994,0.0004509592000000004,0.00034780809716599196,0.000501115587044535,0.0002351412000000004,0.0031937252
build/swift/sw-cfold 5,0.002040977496671491,0.000484474036468368,0.0018989612000000007,0.001081040520984081,0.000974334008683068,0.0016933402000000003,0.004358859200000001
build/cpp/cpp-cfold 5,0.0008722757410497984,0.0004229790434446341,0.0007600172000000005,0.0005614333781965008,0.0004325299596231499,0.0005491592000000005,0.0032984202000000003
build/haskell/hs-cfold 5,0.0008136906898236097,0.0003997243854159998,0.0007139912000000003,0.00042144314789687945,0.0005508697964721847,0.0004976152000000004,0.0038017152000000003
build/koka/out/bench/kk-cfold 5,0.00045934301538461597,0.0003636110244086866,0.00036470120000000033,0.00029318721893491125,0.000447628023668639,0.00017556420000000052,0.0027541282000000003
