command,mean,stddev,median,user,system,min,max
build/kraken/out/bench/kraken-cfold 5,0.02598189402339623,0.0009827326433493578,0.02583577658,0.01569527433962264,0.011144978490566036,0.02388484608,0.028162415080000003
build/kraken/out/bench/kraken-cfold-wavm 5,0.03820012912109588,0.0007528298714480669,0.038197756080000006,0.025975090958904108,0.010941174794520546,0.036762960080000004,0.040656301080000005
build/java/out/bench/cfold 5,0.06944132718869567,0.008515814941967776,0.07077024558,0.04709683217391304,0.02651659826086956,0.05881540608000001,0.08747230608
build/ocaml/ml-cfold 5,0.0003952098066591666,0.0004022557222530553,0.0002778910799999994,0.0003407772328458943,0.0003637282789651291,0.00007847807999999913,0.0025972300799999995
build/swift/sw-cfold 5,0.0017816054617663822,0.0004122523773228782,0.0016685800799999995,0.0010956197720797714,0.0007277779487179485,0.001442869079999999,0.00363124608
build/cpp/cpp-cfold 5,0.0006628962093413166,0.0004239916203779702,0.0005484790799999994,0.0005155858682634732,0.00039921322155688594,0.00033362907999999946,0.0039450690799999995
build/haskell/hs-cfold 5,0.0005605955675373863,0.0003324826920403133,0.00047954007999999933,0.00042487940179461567,0.0003972196211365898,0.00029374707999999927,0.0037330830799999996
build/koka/out/bench/kk-cfold 5,0.000290463924008908,0.0003721316109128869,0.00018300457999999927,0.00030117986636971056,0.0003280589755011133,0,0.00252745408
