command,mean,stddev,median,user,system,min,max
build/kraken/out/bench/kraken-cfold-wavm 20,1.2621564595800003,0.008640411915661495,1.2593907364799999,1.13313784,0.118044,1.25479187498,1.28487568498
build/java/out/bench/cfold 20,0.35657448718000007,0.00558577826352044,0.35739406448000005,0.40431914,0.1469187,0.34625631998000006,0.36395965198
build/ocaml/ml-cfold 20,0.5385355318800001,0.001566527327571848,0.53853815098,0.50224824,0.036017,0.53558768298,0.54036365198
build/swift/sw-cfold 20,0.8642314439800002,0.0044482895786414275,0.8649492004800001,0.80760954,0.05612069999999999,0.85469952498,0.8705609119800001
build/cpp/cpp-cfold 20,0.30622296198,0.0024784149826698612,0.30592687648000005,0.21424323999999997,0.0918147,0.30293893898,0.31113143098
build/haskell/hs-cfold 20,0.5037699929799999,0.001091585403056106,0.50399623548,0.4556685399999999,0.04782399999999999,0.50162550498,0.5051531599800001
build/koka/out/bench/kk-cfold 20,0.1326358102981818,0.002816643075142655,0.13199419048,0.09420199454545455,0.03824613636363636,0.12888567098,0.13929317298
