command,mean,stddev,median,user,system,min,max
build/kraken/out/bench/kraken-deriv 8,0.5926659240600001,0.015671919009291355,0.58672073846,0.56475258,0.02802132,0.57974311646,0.62213955046
build/kraken/out/bench/kraken-deriv-wavm 8,0.40733756365999996,0.0009821282489247262,0.40737392896,0.36970888,0.025605619999999996,0.40555148046,0.40877450746
build/java/out/bench/deriv 8,0.12067052941454541,0.017361764256886632,0.12979169095999998,0.10848297090909093,0.032761456363636365,0.08669823646000001,0.13022292646
build/ocaml/ml-deriv 8,0.01444019793904192,0.0007600945529711628,0.014232565459999999,0.011388068622754495,0.0029253649101796393,0.01311326646,0.01648827546
build/swift/sw-deriv 8,0.03732575823333334,0.0007290788778458855,0.03737861746,0.03111240666666666,0.006054553333333333,0.03556797346,0.03963244146
build/cpp/cpp-deriv 8,0.020339155069374996,0.0007414278246101117,0.02017742246,0.0148340284375,0.005368085624999999,0.01940543846,0.02215189446
build/haskell/hs-deriv 8,0.035425201109350636,0.0007980342646148488,0.03550050246,0.029785626753246742,0.0054718719480519465,0.034088684460000004,0.03711976646
build/koka/out/bench/kk-deriv 8,0.016569307715172413,0.0007517508455226539,0.01611368746,0.013344717931034483,0.003070199310344828,0.01573686246,0.01865933346
