command,mean,stddev,median,user,system,min,max
build/kraken/out/bench/kraken-deriv 8,3.2278413210000005,0.01740767902347089,3.2292905841,3.1933452399999998,0.034257739999999995,3.2032992866,3.2526236876
build/java/out/bench/deriv 8,0.11575835400909094,0.019273262978641733,0.1296745351,0.1085655309090909,0.0349266309090909,0.0865353106,0.1304724306
build/ocaml/ml-deriv 8,0.015079505629761902,0.000988614891785227,0.014482082600000001,0.011475791190476191,0.003446659047619047,0.014101573600000002,0.017913019600000003
build/swift/sw-deriv 8,0.03784740196986301,0.001178346124819509,0.0380796456,0.03128894684931507,0.006363245479452052,0.0362137686,0.0399911296
build/cpp/cpp-deriv 8,0.021125210100000003,0.0009919750766619636,0.020724476600000003,0.014509170158730164,0.006452071746031745,0.020067840600000005,0.023549971600000004
build/haskell/hs-deriv 8,0.03628143836315791,0.0010901249926841099,0.0362098916,0.030539703157894737,0.0055724873684210524,0.0349043376,0.0387515426
build/koka/out/bench/kk-deriv 8,0.016795120068085104,0.0006510275545281206,0.016391751600000004,0.013538170496453896,0.003110167659574467,0.016115728600000004,0.019036247600000004
