command,mean,stddev,median,user,system,min,max,relative
build/koka/out/bench/kk-nqueens 10,0.0043967425472897234,0.0006098432797481458,0.00415873458,0.0038578263551401868,0.0006252028971962618,0.003935189580000001,0.00726332758,1.0
build/ocaml/ml-nqueens 10,0.004601735168555858,0.000577630460392379,0.00431815858,0.003810435858310624,0.0008569992370572217,0.00412929358,0.006851159580000001,1.0466237490736177
build/cpp/cpp-nqueens 10,0.005897589116741212,0.0004970463127740206,0.00566404158,0.004994850734824281,0.0009119492651757191,0.0054777585799999995,0.00770937058,1.3413542078729748
build/koka/out/bench/kk-nqueens-int 10,0.006476511649930072,0.0005270082893349759,0.0062184525800000005,0.005904727832167832,0.0006367033566433565,0.005995675580000001,0.008241744580000002,1.473024990722365
build/swift/sw-nqueens 10,0.015856361522307693,0.0007476976679558368,0.015368299080000002,0.014388534358974359,0.0014337138461538472,0.015108747580000002,0.017575813580000002,3.6063884459375504
build/haskell/hs-nqueens 10,0.035982979982597384,0.000676971490027155,0.03615113058,0.03319600155844155,0.002702796883116884,0.03459675658,0.03722873058,8.18400886464874
build/java/out/bench/nqueens 10,0.05836687064976744,0.005330936257647592,0.05591865258,0.039822490232558135,0.024053552558139537,0.05310179458,0.07067794158000001,13.275025776923517
build/kraken/out/bench/kraken-nqueens-wavm 10,0.8634745450799999,0.009705372714724447,0.86542838008,0.83359416,0.021065220000000003,0.84952514358,0.8802923365800001,196.38960794105856
build/kraken/out/bench/kraken-nqueens 10,1.19636121408,0.013016063885035612,1.19335900808,1.17315286,0.023507419999999998,1.18544050258,1.2302624585800002,272.10172103833344