command,mean,stddev,median,user,system,min,max
build/kraken/out/bench/kraken-nqueens 10,2.0623166218,0.009551074111895983,2.0593069393,2.0404727799999995,0.021842060000000003,2.0515997523,2.0832831273
build/java/out/bench/nqueens 10,0.058406372299999995,0.004717987460124654,0.056508992800000005,0.03985344,0.024372280000000007,0.0536264703,0.07064719330000001
build/ocaml/ml-nqueens 10,0.004651871207268172,0.0005441691344424572,0.0043773043,0.003691592030075187,0.0009462040601503759,0.0041315253,0.006795576300000001
build/swift/sw-nqueens 10,0.015954871960130724,0.0007302157757725501,0.015489802300000001,0.01415315908496732,0.0017036146405228763,0.0152392023,0.0184143013
build/cpp/cpp-nqueens 10,0.005883382779999997,0.00042399086689207344,0.005727175300000001,0.004907110666666666,0.0009156344000000003,0.0055121963,0.0079183153
build/haskell/hs-nqueens 10,0.03554869054358973,0.000685377529651524,0.035671864799999994,0.03316656205128205,0.0022590276923076928,0.0345012133,0.0373905103
build/koka/out/bench/kk-nqueens 10,0.004393838511538464,0.0005274648606533349,0.0041541883,0.00371527519230769,0.0007151098557692308,0.0039706043000000005,0.006415905300000001
build/koka/out/bench/kk-nqueens-int 10,0.006443239216666666,0.0004909501447786628,0.0062072118,0.005793044880952378,0.0006946066071428573,0.0060473403,0.0080550003
