command,mean,stddev,median,user,system,min,max
build/kraken/out/bench/kraken-rbtree-opt 42000,3.46882649514,0.01903535508844727,3.4655251397399995,3.4344475799999996,0.034409779999999994,3.44774203324,3.50553504124
build/kraken/out/bench/kraken-rbtree 42000,3.6934906713399998,0.008160826758533175,3.69500928224,3.6555425799999997,0.037479280000000004,3.68017488424,3.70586504524
build/java/out/bench/rbtree 42000,0.08445577785290326,0.006087159234810223,0.08117201724,0.06655999612903225,0.036940318709677414,0.07817578924,0.09571070124
build/ocaml/ml-rbtree 42000,0.00810715936903226,0.0005055780395698214,0.00790811624,0.006620512258064516,0.0013864070250896056,0.00766806324,0.00988651224
build/swift/sw-rbtree 42000,0.039756660878888905,0.0007294635125545566,0.03978995624000001,0.037933354999999995,0.0016813694444444448,0.03880163224,0.04143620924000001
build/cpp/cpp-rbtree 42000,0.005756671334972069,0.0004074329682226229,0.00561958024,0.004820312402234635,0.0009325445810055876,0.00537530124,0.00726848724
build/haskell/hs-rbtree 42000,0.016128212874615383,0.0005819832136555488,0.01581796024,0.01375046717948718,0.0022519930769230776,0.015538341240000001,0.017788777239999998
build/koka/out/bench/kk-rbtree 42000,0.00471984031901907,0.0006837380803021701,0.00438226224,0.003706155749318801,0.0010151543324250687,0.00409234024,0.00789442624
