command,mean,stddev,median,user,system,min,max,relative
slow/kraken-fib-wavm 30,0.030830056166818196,0.000979772131088745,0.030573067860000004,0.022655052272727273,0.0069862627272727264,0.02959692136,0.033764539360000005,1.0
slow/kraken-fib-let-wavm 30,0.031773318467142854,0.000840390301131736,0.031628002860000004,0.023603545238095235,0.007084359047619045,0.03006603536,0.03445624236,1.030595542713927
slow/kraken-fib 30,0.038683845426666676,0.0008881692760578456,0.038567545360000004,0.03223380666666667,0.00796338,0.03720691336,0.041057437360000004,1.2547445654121565
slow/kraken-fib-let 30,0.042657774585806454,0.000996895260201283,0.042579403360000004,0.0362714258064516,0.007971127096774193,0.04082327436,0.04550403036,1.3836424544603394
slow/newlisp-fib 30,0.30830525255999996,0.0030724920421244676,0.30762596086,0.30525209999999997,0.00282474,0.30399827236,0.31303751135999996,10.000152153203764
slow/newlisp-fib-let 30,0.35278714856,0.003582673299334197,0.35351408886,0.34983320000000007,0.0027236399999999994,0.34496016636,0.35693083636,11.442961590828956
slow/kraken-fib-slow-wavm 30,3.1541494835600004,0.03184683066376855,3.15320478736,3.1101357,0.005756239999999998,3.11203098636,3.2048651933600003,102.30761392367334
slow/kraken-fib-let-slow-wavm 30,8.754898901459999,0.07909160701917145,8.745499961859998,8.698452499999998,0.00766424,8.63531548136,8.94044194336,283.9728495494189