command,mean,stddev,median,user,system,min,max
./slow/kraken-rbtree-opt 890,0.028858574056842112,0.0010792063880742354,0.02871603632,0.018728634736842102,0.010397546315789475,0.026890857320000003,0.03280110632
./slow/kraken-rbtree-opt-wavm 890,0.0358968304238961,0.0007304344407639161,0.03579772732,0.02372153480519481,0.010858762857142858,0.03467246532,0.03778242732
./slow/newlisp-slow-fexpr-rbtree 890,6.516844599920001,0.015387330949067515,6.519502710819999,6.477723739999999,0.038728519999999995,6.49131463232,6.53738309332
./slow/newlisp-macro-rbtree 890,1.00366118492,0.002375809996798342,1.00352140382,0.9717198400000001,0.031717619999999995,1.00011486032,1.00887062132
